YEAR,CURRENT_ROUND,TEAM1_ID,TEAM1,TEAM1_SCORE,TEAM2_ID,TEAM2,TEAM2_SCORE,POINT_DIFFERENTIAL
2008,2,37,Memphis,68,43,Kansas,75,-7
2008,4,13,UCLA,63,37,Memphis,78,-15
2008,4,43,Kansas,84,31,North Carolina,66,18
2008,8,1,Xavier,57,13,UCLA,76,-19
2008,8,15,Texas,67,37,Memphis,85,-18
2008,8,51,Davidson,57,43,Kansas,59,-2
2008,8,39,Louisville,73,31,North Carolina,83,-10
2008,16,5,West Virginia,75,1,Xavier,79,-4
2008,16,4,Western Kentucky,78,13,UCLA,88,-10
2008,16,15,Texas,82,18,Stanford,62,20
2008,16,35,Michigan St.,74,37,Memphis,92,-18
2008,16,51,Davidson,73,2,Wisconsin,56,17
2008,16,7,Villanova,57,43,Kansas,72,-15
2008,16,16,Tennessee,60,39,Louisville,79,-19
2008,16,6,Washington St.,47,31,North Carolina,68,-21
2008,32,49,Duke,67,5,West Virginia,73,-6
2008,32,1,Xavier,85,24,Purdue,78,7
2008,32,21,San Diego,63,4,Western Kentucky,72,-9
2008,32,14,Texas A&M,49,13,UCLA,51,-2
2008,32,15,Texas,75,36,Miami FL,72,3
2008,32,18,Stanford,82,38,Marquette,81,1
2008,32,26,Pittsburgh,54,35,Michigan St.,65,-11
2008,32,34,Mississippi St.,74,37,Memphis,77,-3
2008,32,47,Georgetown,70,51,Davidson,74,-4
2008,32,2,Wisconsin,72,42,Kansas St.,55,17
2008,32,20,Siena,72,7,Villanova,84,-12
2008,32,11,UNLV,56,43,Kansas,75,-19
2008,32,16,Tennessee,76,58,Butler,71,5
2008,32,39,Louisville,78,29,Oklahoma,48,30
2008,32,6,Washington St.,61,30,Notre Dame,41,20
2008,32,63,Arkansas,77,31,North Carolina,108,-31
2008,64,60,Belmont,70,49,Duke,71,-1
2008,64,64,Arizona,65,5,West Virginia,75,-10
2008,64,46,Georgia,61,1,Xavier,73,-12
2008,64,61,Baylor,79,24,Purdue,90,-11
2008,64,21,San Diego,70,54,Connecticut,69,1
2008,64,4,Western Kentucky,101,50,Drake,99,2
2008,64,14,Texas A&M,67,57,BYU,62,5
2008,64,33,Mississippi Valley St.,29,13,UCLA,70,-41
2008,64,62,Austin Peay,54,15,Texas,74,-20
2008,64,22,Saint Mary's,64,36,Miami FL,78,-14
2008,64,52,Cornell,53,18,Stanford,77,-24
2008,64,40,Kentucky,66,38,Marquette,74,-8
2008,64,28,Oral Roberts,63,26,Pittsburgh,82,-19
2008,64,17,Temple,61,35,Michigan St.,72,-11
2008,64,27,Oregon,69,34,Mississippi St.,76,-7
2008,64,9,UT Arlington,63,37,Memphis,87,-24
2008,64,12,UMBC,47,47,Georgetown,66,-19
2008,64,51,Davidson,82,45,Gonzaga,76,6
2008,64,56,Cal St. Fullerton,56,2,Wisconsin,71,-15
2008,64,42,Kansas St.,80,10,USC,67,13
2008,64,20,Siena,83,8,Vanderbilt,62,21
2008,64,7,Villanova,75,55,Clemson,69,6
2008,64,41,Kent St.,58,11,UNLV,71,-13
2008,64,25,Portland St.,61,43,Kansas,85,-24
2008,64,65,American,57,16,Tennessee,72,-15
2008,64,19,South Alabama,61,58,Butler,81,-20
2008,64,59,Boise St.,61,39,Louisville,79,-18
2008,64,23,Saint Joseph's,64,29,Oklahoma,72,-8
2008,64,3,Winthrop,40,6,Washington St.,71,-31
2008,64,48,George Mason,50,30,Notre Dame,68,-18
2008,64,63,Arkansas,86,44,Indiana,72,14
2008,64,32,Mount St. Mary's,74,31,North Carolina,113,-39
2009,2,95,North Carolina,89,101,Michigan St.,72,17
2009,4,95,North Carolina,83,72,Villanova,69,14
2009,4,116,Connecticut,73,101,Michigan St.,82,-9
2009,8,91,Oklahoma,60,95,North Carolina,72,-12
2009,8,72,Villanova,78,89,Pittsburgh,76,2
2009,8,98,Missouri,75,116,Connecticut,82,-7
2009,8,101,Michigan St.,64,107,Louisville,52,12
2009,16,91,Oklahoma,84,82,Syracuse,71,13
2009,16,110,Gonzaga,77,95,North Carolina,98,-21
2009,16,113,Duke,54,72,Villanova,77,-23
2009,16,66,Xavier,55,89,Pittsburgh,60,-5
2009,16,103,Memphis,91,98,Missouri,102,-11
2009,16,87,Purdue,60,116,Connecticut,72,-12
2009,16,101,Michigan St.,67,108,Kansas,62,5
2009,16,127,Arizona,64,107,Louisville,103,-39
2009,32,91,Oklahoma,73,102,Michigan,63,10
2009,32,82,Syracuse,78,126,Arizona St.,67,11
2009,32,110,Gonzaga,83,68,Western Kentucky,81,2
2009,32,106,LSU,70,95,North Carolina,84,-14
2009,32,113,Duke,74,79,Texas,69,5
2009,32,72,Villanova,89,77,UCLA,69,20
2009,32,66,Xavier,60,67,Wisconsin,49,11
2009,32,90,Oklahoma St.,76,89,Pittsburgh,84,-8
2009,32,103,Memphis,89,104,Maryland,70,19
2009,32,98,Missouri,83,105,Marquette,79,4
2009,32,70,Washington,74,87,Purdue,76,-2
2009,32,78,Texas A&M,66,116,Connecticut,92,-26
2009,32,101,Michigan St.,74,76,USC,69,5
2009,32,108,Kansas,60,114,Dayton,43,17
2009,32,117,Cleveland St.,57,127,Arizona,71,-14
2009,32,84,Siena,72,107,Louisville,79,-7
2009,64,96,Morgan St.,54,91,Oklahoma,82,-28
2009,64,102,Michigan,62,118,Clemson,59,3
2009,64,83,Stephen F. Austin,44,82,Syracuse,59,-15
2009,64,81,Temple,57,126,Arizona St.,66,-9
2009,64,130,Akron,64,110,Gonzaga,77,-13
2009,64,68,Western Kentucky,76,109,Illinois,72,4
2009,64,123,Butler,71,106,LSU,75,-4
2009,64,86,Radford,58,95,North Carolina,101,-43
2009,64,125,Binghamton,62,113,Duke,86,-24
2009,64,100,Minnesota,62,79,Texas,76,-14
2009,64,128,American,67,72,Villanova,80,-13
2009,64,73,VCU,64,77,UCLA,65,-1
2009,64,88,Portland St.,59,66,Xavier,77,-18
2009,64,67,Wisconsin,61,111,Florida St.,59,2
2009,64,80,Tennessee,75,90,Oklahoma St.,77,-2
2009,64,112,East Tennessee St.,62,89,Pittsburgh,72,-10
2009,64,121,Cal St. Northridge,70,103,Memphis,81,-11
2009,64,104,Maryland,84,120,California,71,13
2009,64,115,Cornell,59,98,Missouri,78,-19
2009,64,74,Utah St.,57,105,Marquette,58,-1
2009,64,99,Mississippi St.,58,70,Washington,71,-13
2009,64,93,Northern Iowa,56,87,Purdue,61,-5
2009,64,78,Texas A&M,79,122,BYU,66,13
2009,64,119,Chattanooga,47,116,Connecticut,103,-56
2009,64,85,Robert Morris,62,101,Michigan St.,77,-15
2009,64,76,USC,72,124,Boston College,55,17
2009,64,94,North Dakota St.,74,108,Kansas,84,-10
2009,64,114,Dayton,68,69,West Virginia,60,8
2009,64,117,Cleveland St.,84,71,Wake Forest,69,15
2009,64,127,Arizona,84,75,Utah,71,13
2009,64,84,Siena,74,92,Ohio St.,72,2
2009,64,97,Morehead St.,54,107,Louisville,74,-20
2010,2,188,Duke,61,193,Butler,59,2
2010,4,188,Duke,78,135,West Virginia,57,21
2010,4,193,Butler,52,173,Michigan St.,50,2
2010,8,194,Baylor,71,188,Duke,78,-7
2010,8,135,West Virginia,73,178,Kentucky,66,7
2010,8,179,Kansas St.,56,193,Butler,63,-7
2010,8,147,Tennessee,69,173,Michigan St.,70,-1
2010,16,153,Saint Mary's,49,194,Baylor,72,-23
2010,16,156,Purdue,57,188,Duke,70,-13
2010,16,135,West Virginia,69,136,Washington,56,13
2010,16,189,Cornell,45,178,Kentucky,62,-17
2010,16,179,Kansas St.,101,131,Xavier,96,5
2010,16,193,Butler,63,149,Syracuse,59,4
2010,16,160,Ohio St.,73,147,Tennessee,76,-3
2010,16,173,Michigan St.,59,164,Northern Iowa,52,7
2010,32,138,Villanova,68,153,Saint Mary's,75,-7
2010,32,194,Baylor,76,158,Old Dominion,68,8
2010,32,156,Purdue,63,145,Texas A&M,61,2
2010,32,191,California,53,188,Duke,68,-15
2010,32,135,West Virginia,68,171,Missouri,59,9
2010,32,167,New Mexico,64,136,Washington,82,-18
2010,32,133,Wisconsin,69,189,Cornell,87,-18
2010,32,137,Wake Forest,60,178,Kentucky,90,-30
2010,32,179,Kansas St.,84,192,BYU,72,12
2010,32,157,Pittsburgh,68,131,Xavier,71,-3
2010,32,168,Murray St.,52,193,Butler,54,-2
2010,32,182,Gonzaga,65,149,Syracuse,87,-22
2010,32,160,Ohio St.,75,183,Georgia Tech,66,9
2010,32,161,Ohio,68,147,Tennessee,83,-15
2010,32,174,Maryland,83,173,Michigan St.,85,-2
2010,32,164,Northern Iowa,69,180,Kansas,67,2
2010,64,154,Robert Morris,70,138,Villanova,73,-3
2010,64,153,Saint Mary's,80,155,Richmond,71,9
2010,64,152,Sam Houston St.,59,194,Baylor,68,-9
2010,64,158,Old Dominion,51,163,Notre Dame,50,1
2010,64,150,Siena,64,156,Purdue,72,-8
2010,64,142,Utah St.,53,145,Texas A&M,69,-16
2010,64,176,Louisville,62,191,California,77,-15
2010,64,195,Arkansas Pine Bluff,44,188,Duke,73,-29
2010,64,169,Morgan St.,50,135,West Virginia,77,-27
2010,64,171,Missouri,86,190,Clemson,78,8
2010,64,170,Montana,57,167,New Mexico,62,-5
2010,64,136,Washington,80,175,Marquette,78,2
2010,64,132,Wofford,49,133,Wisconsin,53,-4
2010,64,189,Cornell,78,148,Temple,65,13
2010,64,137,Wake Forest,81,146,Texas,80,1
2010,64,187,East Tennessee St.,71,178,Kentucky,100,-29
2010,64,165,North Texas,62,179,Kansas St.,82,-20
2010,64,186,Florida,92,192,BYU,99,-7
2010,64,162,Oakland,66,157,Pittsburgh,89,-23
2010,64,172,Minnesota,54,131,Xavier,65,-11
2010,64,168,Murray St.,66,140,Vanderbilt,65,1
2010,64,141,UTEP,59,193,Butler,77,-18
2010,64,185,Florida St.,60,182,Gonzaga,67,-7
2010,64,139,Vermont,56,149,Syracuse,79,-23
2010,64,144,UC Santa Barbara,51,160,Ohio St.,68,-17
2010,64,183,Georgia Tech,64,159,Oklahoma St.,59,5
2010,64,161,Ohio,97,184,Georgetown,83,14
2010,64,151,San Diego St.,59,147,Tennessee,62,-3
2010,64,181,Houston,77,174,Maryland,89,-12
2010,64,166,New Mexico St.,67,173,Michigan St.,70,-3
2010,64,164,Northern Iowa,69,143,UNLV,66,3
2010,64,177,Lehigh,74,180,Kansas,90,-16
2011,2,257,Butler,41,253,Connecticut,53,-12
2011,4,257,Butler,70,202,VCU,62,8
2011,4,253,Connecticut,56,240,Kentucky,55,1
2011,8,251,Florida,71,257,Butler,74,-3
2011,8,202,VCU,71,242,Kansas,61,10
2011,8,253,Connecticut,65,261,Arizona,63,2
2011,8,230,North Carolina,69,240,Kentucky,76,-7
2011,16,251,Florida,83,256,BYU,74,9
2011,16,198,Wisconsin,54,257,Butler,61,-7
2011,16,250,Florida St.,71,202,VCU,72,-1
2011,16,220,Richmond,57,242,Kansas,77,-20
2011,16,218,San Diego St.,67,253,Connecticut,74,-7
2011,16,261,Arizona,93,252,Duke,77,16
2011,16,230,North Carolina,81,236,Marquette,63,18
2011,16,240,Kentucky,62,226,Ohio St.,60,2
2011,32,251,Florida,73,209,UCLA,65,8
2011,32,256,BYU,89,246,Gonzaga,67,22
2011,32,198,Wisconsin,70,241,Kansas St.,65,5
2011,32,257,Butler,71,223,Pittsburgh,70,1
2011,32,228,Notre Dame,57,250,Florida St.,71,-14
2011,32,221,Purdue,76,202,VCU,94,-18
2011,32,231,Morehead St.,48,220,Richmond,65,-17
2011,32,244,Illinois,59,242,Kansas,73,-14
2011,32,218,San Diego St.,71,215,Temple,64,7
2011,32,253,Connecticut,69,255,Cincinnati,58,11
2011,32,213,Texas,69,261,Arizona,70,-1
2011,32,234,Michigan,71,252,Duke,73,-2
2011,32,230,North Carolina,86,200,Washington,83,3
2011,32,216,Syracuse,62,236,Marquette,66,-4
2011,32,240,Kentucky,71,199,West Virginia,63,8
2011,32,249,George Mason,66,226,Ohio St.,98,-32
2011,64,210,UC Santa Barbara,51,251,Florida,79,-28
2011,64,233,Michigan St.,76,209,UCLA,78,-2
2011,64,197,Wofford,66,256,BYU,74,-8
2011,64,246,Gonzaga,86,217,St. John's,71,15
2011,64,260,Belmont,58,198,Wisconsin,72,-14
2011,64,205,Utah St.,68,241,Kansas St.,73,-5
2011,64,225,Old Dominion,58,257,Butler,60,-2
2011,64,208,UNC Asheville,51,223,Pittsburgh,74,-23
2011,64,263,Akron,56,228,Notre Dame,69,-13
2011,64,250,Florida St.,57,212,Texas A&M,50,7
2011,64,219,Saint Peter's,43,221,Purdue,65,-22
2011,64,202,VCU,74,248,Georgetown,56,18
2011,64,231,Morehead St.,62,237,Louisville,61,1
2011,64,220,Richmond,69,203,Vanderbilt,66,3
2011,64,244,Illinois,73,207,UNLV,62,11
2011,64,259,Boston University,53,242,Kansas,72,-19
2011,64,229,Northern Colorado,50,218,San Diego St.,68,-18
2011,64,224,Penn St.,64,215,Temple,66,-2
2011,64,258,Bucknell,52,253,Connecticut,81,-29
2011,64,232,Missouri,63,255,Cincinnati,78,-15
2011,64,227,Oakland,81,213,Texas,85,-4
2011,64,235,Memphis,75,261,Arizona,77,-2
2011,64,214,Tennessee,45,234,Michigan,75,-30
2011,64,245,Hampton,45,252,Duke,87,-42
2011,64,238,LIU Brooklyn,87,230,North Carolina,102,-15
2011,64,247,Georgia,65,200,Washington,68,-3
2011,64,243,Indiana St.,60,216,Syracuse,77,-17
2011,64,236,Marquette,66,196,Xavier,55,11
2011,64,222,Princeton,57,240,Kentucky,59,-2
2011,64,254,Clemson,76,199,West Virginia,84,-8
2011,64,201,Villanova,57,249,George Mason,61,-4
2011,64,204,UTSA,46,226,Ohio St.,75,-29
2012,2,310,Kansas,59,308,Kentucky,67,-8
2012,4,310,Kansas,64,286,Ohio St.,62,2
2012,4,303,Louisville,61,308,Kentucky,69,-8
2012,8,310,Kansas,80,290,North Carolina,67,13
2012,8,286,Ohio St.,77,277,Syracuse,70,7
2012,8,318,Florida,68,303,Louisville,72,-4
2012,8,330,Baylor,70,308,Kentucky,82,-12
2012,16,310,Kansas,60,289,North Carolina St.,57,3
2012,16,287,Ohio,65,290,North Carolina,73,-8
2012,16,286,Ohio St.,81,326,Cincinnati,66,15
2012,16,265,Wisconsin,63,277,Syracuse,64,-1
2012,16,318,Florida,68,301,Marquette,58,10
2012,16,303,Louisville,57,298,Michigan St.,44,13
2012,16,264,Xavier,70,330,Baylor,75,-5
2012,16,313,Indiana,90,308,Kentucky,102,-12
2012,32,310,Kansas,63,285,Purdue,60,3
2012,32,316,Georgetown,63,289,North Carolina St.,66,-3
2012,32,287,Ohio,62,280,South Florida,56,6
2012,32,322,Creighton,73,290,North Carolina,87,-14
2012,32,286,Ohio St.,73,315,Gonzaga,66,7
2012,32,317,Florida St.,56,326,Cincinnati,62,-6
2012,32,265,Wisconsin,60,272,Vanderbilt,57,3
2012,32,309,Kansas St.,59,277,Syracuse,75,-16
2012,32,291,Norfolk St.,50,318,Florida,84,-34
2012,32,301,Marquette,62,294,Murray St.,53,9
2012,32,303,Louisville,59,293,New Mexico,56,3
2012,32,284,Saint Louis,61,298,Michigan St.,65,-4
2012,32,306,Lehigh,58,264,Xavier,70,-12
2012,32,330,Baylor,80,325,Colorado,63,17
2012,32,313,Indiana,63,271,VCU,61,2
2012,32,311,Iowa St.,71,308,Kentucky,87,-16
2012,64,320,Detroit,50,310,Kansas,65,-15
2012,64,285,Purdue,72,283,Saint Mary's,69,3
2012,64,329,Belmont,59,316,Georgetown,74,-15
2012,64,289,North Carolina St.,79,282,San Diego St.,65,14
2012,64,287,Ohio,65,299,Michigan,60,5
2012,64,280,South Florida,58,276,Temple,44,14
2012,64,331,Alabama,57,322,Creighton,58,-1
2012,64,270,Vermont,58,290,North Carolina,77,-19
2012,64,302,Loyola MD,59,286,Ohio St.,78,-19
2012,64,268,West Virginia,54,315,Gonzaga,77,-23
2012,64,278,St. Bonaventure,63,317,Florida St.,66,-3
2012,64,275,Texas,59,326,Cincinnati,65,-6
2012,64,295,Montana,49,265,Wisconsin,73,-24
2012,64,314,Harvard,70,272,Vanderbilt,79,-9
2012,64,279,Southern Miss,64,309,Kansas St.,70,-6
2012,64,274,UNC Asheville,65,277,Syracuse,72,-7
2012,64,291,Norfolk St.,86,296,Missouri,84,2
2012,64,269,Virginia,45,318,Florida,71,-26
2012,64,328,BYU,68,301,Marquette,88,-20
2012,64,324,Colorado St.,41,294,Murray St.,58,-17
2012,64,321,Davidson,62,303,Louisville,69,-7
2012,64,304,Long Beach St.,68,293,New Mexico,75,-7
2012,64,284,Saint Louis,61,300,Memphis,54,7
2012,64,305,LIU Brooklyn,67,298,Michigan St.,89,-22
2012,64,306,Lehigh,75,319,Duke,70,5
2012,64,264,Xavier,67,288,Notre Dame,63,4
2012,64,281,South Dakota St.,60,330,Baylor,68,-8
2012,64,325,Colorado,68,273,UNLV,64,4
2012,64,292,New Mexico St.,66,313,Indiana,79,-13
2012,64,271,VCU,62,266,Wichita St.,59,3
2012,64,323,Connecticut,64,311,Iowa St.,77,-13
2012,64,267,Western Kentucky,66,308,Kentucky,81,-15
2013,2,366,Michigan,76,370,Louisville,82,-6
2013,4,341,Syracuse,56,366,Michigan,61,-5
2013,4,333,Wichita St.,68,370,Louisville,72,-4
2013,8,369,Marquette,39,341,Syracuse,55,-16
2013,8,385,Florida,59,366,Michigan,79,-20
2013,8,352,Ohio St.,66,333,Wichita St.,70,-4
2013,8,386,Duke,63,370,Louisville,85,-22
2013,16,367,Miami FL,61,369,Marquette,71,-10
2013,16,341,Syracuse,61,379,Indiana,50,11
2013,16,384,Florida Gulf Coast,50,385,Florida,62,-12
2013,16,366,Michigan,87,375,Kansas,85,2
2013,16,352,Ohio St.,73,397,Arizona,70,3
2013,16,373,La Salle,58,333,Wichita St.,72,-14
2013,16,386,Duke,71,365,Michigan St.,61,10
2013,16,349,Oregon,69,370,Louisville,77,-8
2013,32,367,Miami FL,63,380,Illinois,59,4
2013,32,369,Marquette,74,393,Butler,72,2
2013,32,341,Syracuse,66,392,California,60,6
2013,32,340,Temple,52,379,Indiana,58,-6
2013,32,384,Florida Gulf Coast,81,344,San Diego St.,71,10
2013,32,385,Florida,78,363,Minnesota,64,14
2013,32,366,Michigan,78,336,VCU,53,25
2013,32,357,North Carolina,58,375,Kansas,70,-12
2013,32,352,Ohio St.,78,377,Iowa St.,75,3
2013,32,381,Harvard,51,397,Arizona,74,-23
2013,32,373,La Salle,76,362,Mississippi,74,2
2013,32,333,Wichita St.,76,382,Gonzaga,70,6
2013,32,386,Duke,66,388,Creighton,50,16
2013,32,365,Michigan St.,70,368,Memphis,48,22
2013,32,346,Saint Louis,57,349,Oregon,74,-17
2013,32,389,Colorado St.,56,370,Louisville,82,-26
2013,64,348,Pacific,49,367,Miami FL,78,-29
2013,64,390,Colorado,49,380,Illinois,57,-8
2013,64,387,Davidson,58,369,Marquette,59,-1
2013,64,394,Bucknell,56,393,Butler,68,-12
2013,64,360,Montana,34,341,Syracuse,81,-47
2013,64,392,California,64,338,UNLV,61,3
2013,64,340,Temple,76,355,North Carolina St.,72,4
2013,64,376,James Madison,62,379,Indiana,83,-21
2013,64,384,Florida Gulf Coast,78,383,Georgetown,68,10
2013,64,351,Oklahoma,55,344,San Diego St.,70,-15
2013,64,354,Northwestern St.,47,385,Florida,79,-32
2013,64,363,Minnesota,83,339,UCLA,63,20
2013,64,343,South Dakota St.,56,366,Michigan,71,-15
2013,64,399,Akron,42,336,VCU,88,-46
2013,64,335,Villanova,71,357,North Carolina,78,-7
2013,64,334,Western Kentucky,57,375,Kansas,64,-7
2013,64,378,Iona,70,352,Ohio St.,95,-25
2013,64,377,Iowa St.,76,353,Notre Dame,58,18
2013,64,381,Harvard,68,359,New Mexico,62,6
2013,64,396,Belmont,64,397,Arizona,81,-17
2013,64,373,La Salle,63,374,Kansas St.,61,2
2013,64,362,Mississippi,57,332,Wisconsin,46,11
2013,64,333,Wichita St.,73,347,Pittsburgh,55,18
2013,64,342,Southern,58,382,Gonzaga,64,-6
2013,64,398,Albany,61,386,Duke,73,-12
2013,64,391,Cincinnati,63,388,Creighton,67,-4
2013,64,337,Valparaiso,54,365,Michigan St.,65,-11
2013,64,345,Saint Mary's,52,368,Memphis,54,-2
2013,64,358,New Mexico St.,44,346,Saint Louis,64,-20
2013,64,349,Oregon,68,350,Oklahoma St.,55,13
2013,64,361,Missouri,72,389,Colorado St.,84,-12
2013,64,356,North Carolina A&T,48,370,Louisville,79,-31
2014,2,443,Kentucky,54,457,Connecticut,60,-6
2014,4,443,Kentucky,74,402,Wisconsin,73,1
2014,4,457,Connecticut,63,451,Florida,53,10
2014,8,436,Michigan,72,443,Kentucky,75,-3
2014,8,402,Wisconsin,64,465,Arizona,63,1
2014,8,457,Connecticut,60,435,Michigan St.,54,6
2014,8,455,Dayton,52,451,Florida,62,-10
2014,16,436,Michigan,73,413,Tennessee,71,2
2014,16,441,Louisville,69,443,Kentucky,74,-5
2014,16,402,Wisconsin,69,463,Baylor,52,17
2014,16,417,San Diego St.,64,465,Arizona,70,-6
2014,16,457,Connecticut,81,446,Iowa St.,76,5
2014,16,435,Michigan St.,61,406,Virginia,59,2
2014,16,416,Stanford,72,455,Dayton,82,-10
2014,16,409,UCLA,68,451,Florida,79,-11
2014,32,436,Michigan,79,412,Texas,65,14
2014,32,437,Mercer,63,413,Tennessee,83,-20
2014,32,441,Louisville,66,418,Saint Louis,51,15
2014,32,443,Kentucky,78,403,Wichita St.,76,2
2014,32,402,Wisconsin,85,422,Oregon,77,8
2014,32,456,Creighton,55,463,Baylor,85,-30
2014,32,417,San Diego St.,63,426,North Dakota St.,44,19
2014,32,449,Gonzaga,61,465,Arizona,84,-23
2014,32,407,Villanova,65,457,Connecticut,77,-12
2014,32,446,Iowa St.,85,429,North Carolina,83,2
2014,32,435,Michigan St.,80,448,Harvard,73,7
2014,32,438,Memphis,60,406,Virginia,78,-18
2014,32,445,Kansas,57,416,Stanford,60,-3
2014,32,414,Syracuse,53,455,Dayton,55,-2
2014,32,409,UCLA,77,415,Stephen F. Austin,60,17
2014,32,421,Pittsburgh,45,451,Florida,61,-16
2014,64,401,Wofford,40,436,Michigan,57,-17
2014,64,464,Arizona St.,85,412,Texas,87,-2
2014,64,437,Mercer,78,453,Duke,71,7
2014,64,413,Tennessee,86,439,Massachusetts,67,19
2014,64,440,Manhattan,64,441,Louisville,71,-7
2014,64,427,North Carolina St.,80,418,Saint Louis,83,-3
2014,64,444,Kansas St.,49,443,Kentucky,56,-7
2014,64,461,Cal Poly,37,403,Wichita St.,64,-27
2014,64,466,American,35,402,Wisconsin,75,-40
2014,64,462,BYU,68,422,Oregon,87,-19
2014,64,442,Louisiana Lafayette,66,456,Creighton,76,-10
2014,64,432,Nebraska,60,463,Baylor,74,-14
2014,64,430,New Mexico St.,69,417,San Diego St.,73,-4
2014,64,426,North Dakota St.,80,424,Oklahoma,75,5
2014,64,423,Oklahoma St.,77,449,Gonzaga,85,-8
2014,64,405,Weber St.,59,465,Arizona,68,-9
2014,64,434,Milwaukee,53,407,Villanova,73,-20
2014,64,419,Saint Joseph's,81,457,Connecticut,89,-8
2014,64,428,North Carolina Central,75,446,Iowa St.,93,-18
2014,64,420,Providence,77,429,North Carolina,79,-2
2014,64,454,Delaware,78,435,Michigan St.,93,-15
2014,64,448,Harvard,61,460,Cincinnati,57,4
2014,64,450,George Washington,66,438,Memphis,71,-5
2014,64,459,Coastal Carolina,59,406,Virginia,70,-11
2014,64,452,Eastern Kentucky,69,445,Kansas,80,-11
2014,64,416,Stanford,58,431,New Mexico,53,5
2014,64,404,Western Michigan,53,414,Syracuse,77,-24
2014,64,455,Dayton,60,425,Ohio St.,59,1
2014,64,410,Tulsa,59,409,UCLA,76,-17
2014,64,415,Stephen F. Austin,77,408,VCU,75,2
2014,64,421,Pittsburgh,77,458,Colorado,48,29
2014,64,467,Albany,55,451,Florida,67,-12
2015,2,522,Duke,68,471,Wisconsin,63,5
2015,4,522,Duke,81,504,Michigan St.,61,20
2015,4,471,Wisconsin,71,510,Kentucky,64,7
2015,8,517,Gonzaga,52,522,Duke,66,-14
2015,8,504,Michigan St.,76,508,Louisville,70,6
2015,8,534,Arizona,78,471,Wisconsin,85,-7
2015,8,495,Notre Dame,66,510,Kentucky,68,-2
2015,16,517,Gonzaga,74,479,UCLA,62,12
2015,16,478,Utah,57,522,Duke,63,-6
2015,16,504,Michigan St.,62,493,Oklahoma,58,4
2015,16,508,Louisville,75,500,North Carolina St.,65,10
2015,16,534,Arizona,68,468,Xavier,60,8
2015,16,501,North Carolina,72,471,Wisconsin,79,-7
2015,16,472,Wichita St.,70,495,Notre Dame,81,-11
2015,16,473,West Virginia,39,510,Kentucky,78,-39
2015,32,517,Gonzaga,87,513,Iowa,68,19
2015,32,481,UAB,75,479,UCLA,92,-17
2015,32,520,Georgetown,64,478,Utah,75,-11
2015,32,487,San Diego St.,49,522,Duke,68,-19
2015,32,474,Virginia,54,504,Michigan St.,60,-6
2015,32,493,Oklahoma,72,523,Dayton,66,6
2015,32,508,Louisville,66,496,Northern Iowa,53,13
2015,32,500,North Carolina St.,71,475,Villanova,68,3
2015,32,534,Arizona,73,494,Ohio St.,58,15
2015,32,518,Georgia St.,67,468,Xavier,75,-8
2015,32,501,North Carolina,87,533,Arkansas,78,9
2015,32,491,Oregon,65,471,Wisconsin,72,-7
2015,32,511,Kansas,65,472,Wichita St.,78,-13
2015,32,495,Notre Dame,67,528,Butler,64,3
2015,32,505,Maryland,59,473,West Virginia,69,-10
2015,32,526,Cincinnati,51,510,Kentucky,64,-13
2015,64,499,North Dakota St.,76,517,Gonzaga,86,-10
2015,64,524,Davidson,52,513,Iowa,83,-31
2015,64,481,UAB,60,512,Iowa St.,59,1
2015,64,479,UCLA,60,486,SMU,59,1
2015,64,521,Eastern Washington,74,520,Georgetown,84,-10
2015,64,484,Stephen F. Austin,50,478,Utah,57,-7
2015,64,485,St. John's,64,487,San Diego St.,76,-12
2015,64,488,Robert Morris,56,522,Duke,85,-29
2015,64,531,Belmont,67,474,Virginia,79,-12
2015,64,519,Georgia,63,504,Michigan St.,70,-7
2015,64,535,Albany,60,493,Oklahoma,69,-9
2015,64,523,Dayton,66,490,Providence,53,13
2015,64,480,UC Irvine,55,508,Louisville,57,-2
2015,64,469,Wyoming,54,496,Northern Iowa,71,-17
2015,64,507,LSU,65,500,North Carolina St.,66,-1
2015,64,509,Lafayette,52,475,Villanova,93,-41
2015,64,482,Texas Southern,72,534,Arizona,93,-21
2015,64,494,Ohio St.,75,476,VCU,72,3
2015,64,518,Georgia St.,57,532,Baylor,56,1
2015,64,503,Mississippi,57,468,Xavier,76,-19
2015,64,515,Harvard,65,501,North Carolina,67,-2
2015,64,470,Wofford,53,533,Arkansas,56,-3
2015,64,492,Oklahoma St.,73,491,Oregon,79,-6
2015,64,525,Coastal Carolina,72,471,Wisconsin,86,-14
2015,64,502,New Mexico St.,56,511,Kansas,75,-19
2015,64,514,Indiana,76,472,Wichita St.,81,-5
2015,64,497,Northeastern,65,495,Notre Dame,69,-4
2015,64,483,Texas,48,528,Butler,56,-8
2015,64,477,Valparaiso,62,505,Maryland,65,-3
2015,64,529,Buffalo,62,473,West Virginia,68,-6
2015,64,489,Purdue,65,526,Cincinnati,66,-1
2015,64,516,Hampton,56,510,Kentucky,79,-23
2016,2,570,North Carolina,74,543,Villanova,77,-3
2016,4,555,Syracuse,66,570,North Carolina,83,-17
2016,4,567,Oklahoma,51,543,Villanova,95,-44
2016,8,555,Syracuse,68,542,Virginia,62,6
2016,8,568,Notre Dame,74,570,North Carolina,88,-14
2016,8,567,Oklahoma,80,566,Oregon,68,12
2016,8,543,Villanova,64,578,Kansas,59,5
2016,16,555,Syracuse,63,587,Gonzaga,60,3
2016,16,579,Iowa St.,71,542,Virginia,84,-13
2016,16,538,Wisconsin,56,568,Notre Dame,61,-5
2016,16,582,Indiana,86,570,North Carolina,101,-15
2016,16,567,Oklahoma,77,552,Texas A&M,63,14
2016,16,591,Duke,68,566,Oregon,82,-14
2016,16,543,Villanova,92,574,Miami FL,69,23
2016,16,575,Maryland,63,578,Kansas,79,-16
2016,32,571,Middle Tennessee,50,555,Syracuse,75,-25
2016,32,546,Utah,59,587,Gonzaga,82,-23
2016,32,579,Iowa St.,78,576,Little Rock,61,17
2016,32,599,Butler,69,542,Virginia,77,-8
2016,32,537,Xavier,63,538,Wisconsin,66,-3
2016,32,557,Stephen F. Austin,75,568,Notre Dame,76,-1
2016,32,577,Kentucky,67,582,Indiana,73,-6
2016,32,563,Providence,66,570,North Carolina,85,-19
2016,32,567,Oklahoma,85,544,VCU,81,4
2016,32,552,Texas A&M,92,569,Northern Iowa,88,4
2016,32,591,Duke,71,536,Yale,64,7
2016,32,561,Saint Joseph's,64,566,Oregon,69,-5
2016,32,543,Villanova,87,580,Iowa,68,19
2016,32,574,Miami FL,65,539,Wichita St.,57,8
2016,32,584,Hawaii,60,575,Maryland,73,-13
2016,32,593,Connecticut,61,578,Kansas,73,-12
2016,64,571,Middle Tennessee,90,572,Michigan St.,81,9
2016,64,555,Syracuse,70,592,Dayton,51,19
2016,64,588,Fresno St.,69,546,Utah,80,-11
2016,64,587,Gonzaga,68,560,Seton Hall,52,16
2016,64,581,Iona,81,579,Iowa St.,94,-13
2016,64,576,Little Rock,85,562,Purdue,83,2
2016,64,599,Butler,71,551,Texas Tech,61,10
2016,64,585,Hampton,45,542,Virginia,81,-36
2016,64,541,Weber St.,53,537,Xavier,71,-18
2016,64,564,Pittsburgh,43,538,Wisconsin,47,-4
2016,64,557,Stephen F. Austin,70,540,West Virginia,56,14
2016,64,573,Michigan,63,568,Notre Dame,70,-7
2016,64,556,Stony Brook,57,577,Kentucky,85,-28
2016,64,596,Chattanooga,74,582,Indiana,99,-25
2016,64,563,Providence,70,547,USC,69,1
2016,64,589,Florida Gulf Coast,67,570,North Carolina,83,-16
2016,64,598,Cal St. Bakersfield,68,567,Oklahoma,82,-14
2016,64,544,VCU,75,565,Oregon St.,67,8
2016,64,586,Green Bay,65,552,Texas A&M,92,-27
2016,64,569,Northern Iowa,75,553,Texas,72,3
2016,64,548,UNC Wilmington,85,591,Duke,93,-8
2016,64,536,Yale,79,601,Baylor,75,4
2016,64,595,Cincinnati,76,561,Saint Joseph's,78,-2
2016,64,583,Holy Cross,52,566,Oregon,91,-39
2016,64,549,UNC Asheville,56,543,Villanova,86,-30
2016,64,554,Temple,70,580,Iowa,72,-2
2016,64,600,Buffalo,72,574,Miami FL,79,-7
2016,64,539,Wichita St.,65,603,Arizona,55,10
2016,64,584,Hawaii,77,597,California,66,11
2016,64,559,South Dakota St.,74,575,Maryland,79,-5
2016,64,593,Connecticut,74,594,Colorado,67,7
2016,64,602,Austin Peay,79,578,Kansas,105,-26
2017,2,638,North Carolina,71,658,Gonzaga,65,6
2017,4,638,North Carolina,77,631,Oregon,76,1
2017,4,658,Gonzaga,77,623,South Carolina,73,4
2017,8,651,Kentucky,73,638,North Carolina,75,-2
2017,8,631,Oregon,74,654,Kansas,60,14
2017,8,604,Xavier,59,658,Gonzaga,83,-24
2017,8,623,South Carolina,77,661,Florida,70,7
2017,16,651,Kentucky,86,618,UCLA,75,11
2017,16,667,Butler,80,638,North Carolina,92,-12
2017,16,646,Michigan,68,631,Oregon,69,-1
2017,16,628,Purdue,66,654,Kansas,98,-32
2017,16,671,Arizona,71,604,Xavier,73,-2
2017,16,608,West Virginia,58,658,Gonzaga,61,-3
2017,16,623,South Carolina,70,669,Baylor,50,20
2017,16,661,Florida,84,605,Wisconsin,83,1
2017,32,651,Kentucky,65,607,Wichita St.,62,3
2017,32,618,UCLA,79,666,Cincinnati,67,12
2017,32,667,Butler,74,644,Middle Tennessee,65,9
2017,32,670,Arkansas,65,638,North Carolina,72,-7
2017,32,650,Louisville,69,646,Michigan,73,-4
2017,32,631,Oregon,75,627,Rhode Island,72,3
2017,32,628,Purdue,80,656,Iowa St.,76,4
2017,32,645,Michigan St.,70,654,Kansas,90,-20
2017,32,671,Arizona,69,626,Saint Mary's,60,9
2017,32,659,Florida St.,66,604,Xavier,91,-25
2017,32,608,West Virginia,83,633,Notre Dame,71,12
2017,32,634,Northwestern,73,658,Gonzaga,79,-6
2017,32,663,Duke,81,623,South Carolina,88,-7
2017,32,669,Baylor,82,616,USC,78,4
2017,32,661,Florida,65,611,Virginia,39,26
2017,32,605,Wisconsin,65,612,Villanova,62,3
2017,64,635,Northern Kentucky,70,651,Kentucky,79,-9
2017,64,607,Wichita St.,64,664,Dayton,58,6
2017,64,652,Kent St.,80,618,UCLA,97,-17
2017,64,653,Kansas St.,61,666,Cincinnati,75,-14
2017,64,606,Winthrop,64,667,Butler,76,-12
2017,64,644,Middle Tennessee,81,643,Minnesota,72,9
2017,64,625,Seton Hall,71,670,Arkansas,77,-6
2017,64,621,Texas Southern,64,638,North Carolina,103,-39
2017,64,655,Jacksonville St.,63,650,Louisville,78,-15
2017,64,632,Oklahoma St.,91,646,Michigan,92,-1
2017,64,657,Iona,77,631,Oregon,93,-16
2017,64,627,Rhode Island,84,665,Creighton,72,12
2017,64,613,Vermont,70,628,Purdue,80,-10
2017,64,641,Nevada,73,656,Iowa St.,84,-11
2017,64,645,Michigan St.,78,647,Miami FL,58,20
2017,64,619,UC Davis,62,654,Kansas,100,-38
2017,64,636,North Dakota,82,671,Arizona,100,-18
2017,64,614,VCU,77,626,Saint Mary's,85,-8
2017,64,660,Florida Gulf Coast,80,659,Florida St.,86,-6
2017,64,604,Xavier,76,648,Maryland,65,11
2017,64,668,Bucknell,80,608,West Virginia,86,-6
2017,64,630,Princeton,58,633,Notre Dame,60,-2
2017,64,615,Vanderbilt,66,634,Northwestern,68,-2
2017,64,622,South Dakota St.,46,658,Gonzaga,66,-20
2017,64,620,Troy,65,663,Duke,87,-22
2017,64,649,Marquette,73,623,South Carolina,93,-20
2017,64,640,New Mexico St.,73,669,Baylor,91,-18
2017,64,616,USC,66,624,SMU,65,1
2017,64,662,East Tennessee St.,65,661,Florida,80,-15
2017,64,617,UNC Wilmington,71,611,Virginia,76,-5
2017,64,610,Virginia Tech,74,605,Wisconsin,84,-10
2017,64,642,Mount St. Mary's,56,612,Villanova,76,-20
2018,2,678,Villanova,79,710,Michigan,62,17
2018,4,718,Kansas,79,678,Villanova,95,-16
2018,4,710,Michigan,69,713,Loyola Chicago,57,12
2018,8,725,Duke,81,718,Kansas,85,-4
2018,8,682,Texas Tech,59,678,Villanova,71,-12
2018,8,710,Michigan,58,723,Florida St.,54,4
2018,8,713,Loyola Chicago,78,717,Kansas St.,62,16
2018,16,725,Duke,69,688,Syracuse,65,4
2018,16,729,Clemson,76,718,Kansas,80,-4
2018,16,696,Purdue,65,682,Texas Tech,78,-13
2018,16,675,West Virginia,78,678,Villanova,90,-12
2018,16,684,Texas A&M,72,710,Michigan,99,-27
2018,16,721,Gonzaga,60,723,Florida St.,75,-15
2018,16,705,Nevada,68,713,Loyola Chicago,69,-1
2018,16,716,Kentucky,58,717,Kansas St.,61,-3
2018,32,725,Duke,87,694,Rhode Island,62,25
2018,32,709,Michigan St.,53,688,Syracuse,55,-2
2018,32,735,Auburn,53,729,Clemson,84,-31
2018,32,692,Seton Hall,79,718,Kansas,83,-4
2018,32,696,Purdue,76,732,Butler,73,3
2018,32,682,Texas Tech,69,724,Florida,66,3
2018,32,712,Marshall,71,675,West Virginia,94,-23
2018,32,739,Alabama,58,678,Villanova,81,-23
2018,32,703,North Carolina,65,684,Texas A&M,86,-21
2018,32,710,Michigan,64,720,Houston,63,1
2018,32,721,Gonzaga,90,700,Ohio St.,84,6
2018,32,723,Florida St.,75,672,Xavier,70,5
2018,32,730,Cincinnati,73,705,Nevada,75,-2
2018,32,686,Tennessee,62,713,Loyola Chicago,63,-1
2018,32,733,Buffalo,75,716,Kentucky,95,-20
2018,32,717,Kansas St.,50,680,UMBC,43,7
2018,64,719,Iona,67,725,Duke,89,-22
2018,64,699,Oklahoma,78,694,Rhode Island,83,-5
2018,64,734,Bucknell,78,709,Michigan St.,82,-4
2018,64,688,Syracuse,57,687,TCU,52,5
2018,64,728,College of Charleston,58,735,Auburn,62,-4
2018,64,704,New Mexico St.,68,729,Clemson,79,-11
2018,64,701,North Carolina St.,83,692,Seton Hall,94,-11
2018,64,698,Penn,60,718,Kansas,76,-16
2018,64,731,Cal St. Fullerton,48,696,Purdue,74,-26
2018,64,732,Butler,79,736,Arkansas,62,17
2018,64,689,Stephen F. Austin,60,682,Texas Tech,70,-10
2018,64,690,St. Bonaventure,62,724,Florida,77,-15
2018,64,712,Marshall,81,674,Wichita St.,75,6
2018,64,706,Murray St.,68,675,West Virginia,85,-17
2018,64,739,Alabama,86,676,Virginia Tech,83,3
2018,64,695,Radford,61,678,Villanova,87,-26
2018,64,715,Lipscomb,66,703,North Carolina,84,-18
2018,64,697,Providence,69,684,Texas A&M,73,-4
2018,64,707,Montana,47,710,Michigan,61,-14
2018,64,693,San Diego St.,65,720,Houston,67,-2
2018,64,679,UNC Greensboro,64,721,Gonzaga,68,-4
2018,64,691,South Dakota St.,73,700,Ohio St.,81,-8
2018,64,723,Florida St.,67,708,Missouri,54,13
2018,64,683,Texas Southern,83,672,Xavier,102,-19
2018,64,722,Georgia St.,53,730,Cincinnati,68,-15
2018,64,685,Texas,83,705,Nevada,87,-4
2018,64,673,Wright St.,47,686,Tennessee,73,-26
2018,64,713,Loyola Chicago,64,711,Miami FL,62,2
2018,64,733,Buffalo,89,738,Arizona,68,21
2018,64,726,Davidson,73,716,Kentucky,78,-5
2018,64,717,Kansas St.,69,727,Creighton,59,10
2018,64,680,UMBC,74,677,Virginia,54,20
2019,2,745,Virginia ,85,752,Texas Tech,77,8
2019,4,805,Auburn,62,745,Virginia ,63,-1
2019,4,752,Texas Tech,61,778,Michigan St.,51,10
2019,8,785,Kentucky,71,805,Auburn,77,-6
2019,8,760,Purdue,75,745,Virginia ,80,-5
2019,8,752,Texas Tech,75,792,Gonzaga,69,6
2019,8,778,Michigan St.,68,798,Duke,67,1
2019,16,785,Kentucky,62,791,Houston,58,4
2019,16,805,Auburn,97,770,North Carolina,80,17
2019,16,753,Tennessee,94,760,Purdue,99,-5
2019,16,762,Oregon,49,745,Virginia ,53,-4
2019,16,779,Michigan,44,752,Texas Tech,63,-19
2019,16,795,Florida St.,58,792,Gonzaga,72,-14
2019,16,778,Michigan St.,80,782,LSU,63,17
2019,16,744,Virginia Tech,73,798,Duke,75,-2
2019,32,785,Kentucky,62,741,Wofford,56,6
2019,32,791,Houston,74,765,Ohio St.,59,15
2019,32,787,Kansas,75,805,Auburn,89,-14
2019,32,743,Washington,59,770,North Carolina,81,-22
2019,32,753,Tennessee,83,789,Iowa,77,6
2019,32,760,Purdue,87,746,Villanova,61,26
2019,32,751,UC Irvine,54,762,Oregon,73,-19
2019,32,764,Oklahoma,51,745,Virginia ,63,-12
2019,32,779,Michigan,64,796,Florida,49,15
2019,32,752,Texas Tech,78,801,Buffalo,58,20
2019,32,795,Florida St.,90,773,Murray St.,62,28
2019,32,804,Baylor,71,792,Gonzaga,83,-12
2019,32,778,Michigan St.,70,777,Minnesota,50,20
2019,32,782,LSU,69,780,Maryland,67,2
2019,32,744,Virginia Tech,67,784,Liberty,58,9
2019,32,750,UCF,76,798,Duke,77,-1
2019,64,807,Abilene Christian,44,785,Kentucky,79,-35
2019,64,757,Seton Hall,68,741,Wofford,84,-16
2019,64,793,Georgia St.,55,791,Houston,84,-29
2019,64,765,Ohio St.,62,788,Iowa St.,59,3
2019,64,767,Northeastern,52,787,Kansas,87,-35
2019,64,771,New Mexico St.,77,805,Auburn,78,-1
2019,64,743,Washington,78,749,Utah St.,61,17
2019,64,790,Iona,73,770,North Carolina,88,-15
2019,64,799,Colgate,70,753,Tennessee,77,-7
2019,64,789,Iowa,79,800,Cincinnati,72,7
2019,64,763,Old Dominion,48,760,Purdue,61,-13
2019,64,758,Saint Mary's,57,746,Villanova,61,-4
2019,64,751,UC Irvine,70,786,Kansas St.,64,6
2019,64,762,Oregon,72,742,Wisconsin,54,18
2019,64,764,Oklahoma,95,776,Mississippi,72,23
2019,64,794,Gardner Webb,56,745,Virginia,71,-15
2019,64,774,Montana,55,779,Michigan,74,-19
2019,64,796,Florida,70,772,Nevada,61,9
2019,64,766,Northern Kentucky,57,752,Texas Tech,72,-15
2019,64,806,Arizona St.,74,801,Buffalo,91,-17
2019,64,747,Vermont,69,795,Florida St.,76,-7
2019,64,773,Murray St.,83,781,Marquette,64,19
2019,64,804,Baylor,78,755,Syracuse,69,9
2019,64,797,Fairleigh Dickinson,49,792,Gonzaga,87,-38
2019,64,802,Bradley,65,778,Michigan St.,76,-11
2019,64,777,Minnesota,86,783,Louisville,76,10
2019,64,740,Yale,74,782,LSU,79,-5
2019,64,803,Belmont,77,780,Maryland,79,-2
2019,64,759,Saint Louis,52,744,Virginia Tech,66,-14
2019,64,784,Liberty,80,775,Mississippi St.,76,4
2019,64,750,UCF,73,748,VCU,58,15
2019,64,768,North Dakota St.,62,798,Duke,85,-23
2021,2,871,Baylor,86,856,Gonzaga,70,16
2021,4,853,Houston,59,871,Baylor,78,-19
2021,4,819,UCLA,90,856,Gonzaga,93,-3
2021,8,853,Houston,67,830,Oregon St.,61,6
2021,8,872,Arkansas,72,871,Baylor,81,-9
2021,8,819,UCLA,51,844,Michigan,49,2
2021,8,817,USC,66,856,Gonzaga,85,-19
2021,16,853,Houston,62,825,Syracuse,46,16
2021,16,830,Oregon St.,65,847,Loyola Chicago,58,7
2021,16,832,Oral Roberts,70,872,Arkansas,72,-2
2021,16,814,Villanova,51,871,Baylor,62,-11
2021,16,874,Alabama,78,819,UCLA,88,-10
2021,16,859,Florida St.,58,844,Michigan,76,-18
2021,16,831,Oregon,68,817,USC,82,-14
2021,16,864,Creighton,65,856,Gonzaga,83,-18
2021,32,853,Houston,63,828,Rutgers,60,3
2021,32,811,West Virginia,72,825,Syracuse,75,-3
2021,32,833,Oklahoma St.,70,830,Oregon St.,80,-10
2021,32,847,Loyola Chicago,71,852,Illinois,58,13
2021,32,832,Oral Roberts,81,860,Florida,78,3
2021,32,872,Arkansas,68,821,Texas Tech,66,2
2021,32,837,North Texas,61,814,Villanova,84,-23
2021,32,808,Wisconsin,63,871,Baylor,76,-13
2021,32,874,Alabama,96,845,Maryland,77,19
2021,32,875,Abilene Christian,47,819,UCLA,67,-20
2021,32,859,Florida St.,71,866,Colorado,53,18
2021,32,846,LSU,78,844,Michigan,86,-8
2021,32,850,Iowa,80,831,Oregon,95,-15
2021,32,849,Kansas,51,817,USC,85,-34
2021,32,836,Ohio,58,864,Creighton,72,-14
2021,32,834,Oklahoma,71,856,Gonzaga,87,-16
2021,64,868,Cleveland St.,56,853,Houston,87,-31
2021,64,828,Rutgers,60,869,Clemson,56,4
2021,64,841,Morehead St.,67,811,West Virginia,84,-17
2021,64,825,Syracuse,78,827,San Diego St.,62,16
2021,64,848,Liberty,60,833,Oklahoma St.,69,-9
2021,64,830,Oregon St.,70,824,Tennessee,56,14
2021,64,857,Georgia Tech,60,847,Loyola Chicago,71,-11
2021,64,862,Drexel,49,852,Illinois,78,-29
2021,64,832,Oral Roberts,75,835,Ohio St.,72,3
2021,64,812,Virginia Tech,70,860,Florida,75,-5
2021,64,867,Colgate,68,872,Arkansas,85,-17
2021,64,816,Utah St.,53,821,Texas Tech,65,-12
2021,64,837,North Texas,78,829,Purdue,69,9
2021,64,809,Winthrop,63,814,Villanova,73,-10
2021,64,808,Wisconsin,85,838,North Carolina,62,23
2021,64,854,Hartford,55,871,Baylor,79,-24
2021,64,851,Iona,55,874,Alabama,68,-13
2021,64,845,Maryland,63,865,Connecticut,54,9
2021,64,875,Abilene Christian,53,823,Texas,52,1
2021,64,819,UCLA,73,870,BYU,62,11
2021,64,818,UNC Greensboro,54,859,Florida St.,64,-10
2021,64,858,Georgetown,73,866,Colorado,96,-23
2021,64,826,St. Bonaventure,61,846,LSU,76,-15
2021,64,822,Texas Southern,66,844,Michigan,82,-16
2021,64,855,Grand Canyon,74,850,Iowa,86,-12
2021,64,861,Eastern Washington,84,849,Kansas,93,-9
2021,64,863,Drake,56,817,USC,72,-16
2021,64,836,Ohio,62,813,Virginia,58,4
2021,64,820,UC Santa Barbara,62,864,Creighton,63,-1
2021,64,842,Missouri,68,834,Oklahoma,72,-4
2021,64,839,Norfolk St.,55,856,Gonzaga,98,-43
2022,2,918,Kansas,72,904,North Carolina,69,3
2022,4,918,Kansas,81,881,Villanova,65,16
2022,4,904,North Carolina,81,927,Duke,77,4
2022,8,911,Miami FL,50,918,Kansas,76,-26
2022,8,881,Villanova,50,924,Houston,44,6
2022,8,896,Saint Peter's,49,904,North Carolina,69,-20
2022,8,927,Duke,78,940,Arkansas,69,9
2022,16,911,Miami FL,70,920,Iowa St.,56,14
2022,16,901,Providence,61,918,Kansas,66,-5
2022,16,881,Villanova,63,910,Michigan,55,8
2022,16,924,Houston,72,941,Arizona,60,12
2022,16,896,Saint Peter's,67,900,Purdue,64,3
2022,16,884,UCLA,66,904,North Carolina,73,-7
2022,16,927,Duke,78,886,Texas Tech,73,5
2022,16,940,Arkansas,74,925,Gonzaga,68,6
2022,32,939,Auburn,61,911,Miami FL,79,-18
2022,32,879,Wisconsin,49,920,Iowa St.,54,-5
2022,32,901,Providence,79,899,Richmond,51,28
2022,32,930,Creighton,72,918,Kansas,79,-7
2022,32,881,Villanova,71,902,Ohio St.,61,10
2022,32,890,Tennessee,68,910,Michigan,76,-8
2022,32,923,Illinois,53,924,Houston,68,-15
2022,32,891,TCU,80,941,Arizona,85,-5
2022,32,896,Saint Peter's,70,907,Murray St.,60,10
2022,32,900,Purdue,81,889,Texas,71,10
2022,32,884,UCLA,72,897,Saint Mary's,56,16
2022,32,904,North Carolina,93,938,Baylor,86,7
2022,32,927,Duke,85,909,Michigan St.,76,9
2022,32,886,Texas Tech,59,903,Notre Dame,53,6
2022,32,940,Arkansas,53,906,New Mexico St.,48,5
2022,32,912,Memphis,78,925,Gonzaga,82,-4
2022,64,919,Jacksonville St.,61,939,Auburn,80,-19
2022,64,911,Miami FL,68,883,USC,66,2
2022,64,933,Colgate,60,879,Wisconsin,67,-7
2022,64,920,Iowa St.,59,914,LSU,54,5
2022,64,892,South Dakota St.,57,901,Providence,66,-9
2022,64,899,Richmond,67,921,Iowa,63,4
2022,64,930,Creighton,72,895,San Diego St.,69,3
2022,64,887,Texas Southern,56,918,Kansas,83,-27
2022,64,928,Delaware,60,881,Villanova,80,-20
2022,64,915,Loyola Chicago,41,902,Ohio St.,54,-13
2022,64,916,Longwood,56,890,Tennessee,88,-32
2022,64,910,Michigan,75,932,Colorado St.,63,12
2022,64,934,Chattanooga,53,923,Illinois,54,-1
2022,64,885,UAB,68,924,Houston,82,-14
2022,64,891,TCU,69,893,Seton Hall,42,27
2022,64,878,Wright St.,70,941,Arizona,87,-17
2022,64,896,Saint Peter's,85,917,Kentucky,79,6
2022,64,894,San Francisco,87,907,Murray St.,92,-5
2022,64,876,Yale,56,900,Purdue,78,-22
2022,64,880,Virginia Tech,73,889,Texas,81,-8
2022,64,943,Akron,53,884,UCLA,57,-4
2022,64,922,Indiana,53,897,Saint Mary's,82,-29
2022,64,913,Marquette,63,904,North Carolina,95,-32
2022,64,905,Norfolk St.,49,938,Baylor,85,-36
2022,64,935,Cal St. Fullerton,61,927,Duke,78,-17
2022,64,929,Davidson,73,909,Michigan St.,74,-1
2022,64,908,Montana St.,62,886,Texas Tech,97,-35
2022,64,903,Notre Dame,78,942,Alabama,64,14
2022,64,882,Vermont,71,940,Arkansas,75,-4
2022,64,906,New Mexico St.,70,931,Connecticut,63,7
2022,64,912,Memphis,64,937,Boise St.,53,11
2022,64,926,Georgia St.,72,925,Gonzaga,93,-21
2023,2,1002,Connecticut,76,961,San Diego St.,59,17
2023,4,1002,Connecticut,72,977,Miami FL,59,13
2023,4,997,Florida Atlantic,71,961,San Diego St.,72,-1
2023,8,995,Gonzaga,54,1002,Connecticut,82,-28
2023,8,957,Texas ,81,977,Miami FL,88,-7
2023,8,985,Kansas St.,76,997,Florida Atlantic,79,-3
2023,8,1001,Creighton,56,961,San Diego St.,57,-1
2023,16,952,UCLA,76,995,Gonzaga,79,-3
2023,16,1002,Connecticut,88,1008,Arkansas,65,23
2023,16,957,Texas ,83,944,Xavier,71,12
2023,16,977,Miami FL,89,993,Houston,75,14
2023,16,976,Michigan St.,93,985,Kansas St.,98,-5
2023,16,958,Tennessee,55,997,Florida Atlantic,62,-7
2023,16,965,Princeton,75,1001,Creighton,86,-11
2023,16,961,San Diego St.,71,1011,Alabama,64,7
2023,32,952,UCLA,68,969,Northwestern,63,5
2023,32,995,Gonzaga,84,959,TCU,81,3
2023,32,1002,Connecticut,70,962,Saint Mary's,55,15
2023,32,1008,Arkansas,72,986,Kansas,71,1
2023,32,957,Texas ,71,967,Penn St.,66,5
2023,32,944,Xavier,84,966,Pittsburgh,73,11
2023,32,990,Indiana,69,977,Miami FL,85,-16
2023,32,1007,Auburn,64,993,Houston,81,-17
2023,32,980,Marquette,60,976,Michigan St.,69,-9
2023,32,985,Kansas St.,75,982,Kentucky,69,6
2023,32,958,Tennessee,65,999,Duke,52,13
2023,32,997,Florida Atlantic,78,998,Fairleigh Dickinson,70,8
2023,32,965,Princeton,78,974,Missouri,63,15
2023,32,1006,Baylor,76,1001,Creighton,85,-9
2023,32,996,Furman,52,961,San Diego St.,75,-23
2023,32,979,Maryland,51,1011,Alabama,73,-22
2023,64,951,UNC Asheville,53,952,UCLA,86,-33
2023,64,1005,Boise St.,67,969,Northwestern,75,-8
2023,64,994,Grand Canyon,70,995,Gonzaga,82,-12
2023,64,1009,Arizona St.,70,959,TCU,72,-2
2023,64,989,Iona,63,1002,Connecticut,87,-24
2023,64,948,VCU,51,962,Saint Mary's,63,-12
2023,64,991,Illinois,63,1008,Arkansas,73,-10
2023,64,992,Howard,68,986,Kansas,96,-28
2023,64,1004,Colgate,61,957,Texas ,81,-20
2023,64,967,Penn St.,76,956,Texas A&M,59,17
2023,64,984,Kennesaw St.,67,944,Xavier,72,-5
2023,64,966,Pittsburgh,59,987,Iowa St.,41,18
2023,64,983,Kent St.,60,990,Indiana,71,-11
2023,64,1000,Drake,56,977,Miami FL,63,-7
2023,64,1007,Auburn,83,988,Iowa,75,8
2023,64,970,Northern Kentucky,52,993,Houston,63,-11
2023,64,947,Vermont,61,980,Marquette,78,-17
2023,64,950,USC,62,976,Michigan St.,72,-10
2023,64,973,Montana St.,65,985,Kansas St.,77,-12
2023,64,964,Providence,53,982,Kentucky,61,-8
2023,64,981,Louisiana Lafayette,55,958,Tennessee,58,-3
2023,64,968,Oral Roberts,51,999,Duke,74,-23
2023,64,997,Florida Atlantic,66,978,Memphis,65,1
2023,64,998,Fairleigh Dickinson,63,963,Purdue,58,5
2023,64,965,Princeton,59,1010,Arizona,55,4
2023,64,949,Utah St.,65,974,Missouri,76,-11
2023,64,953,UC Santa Barbara,56,1006,Baylor,74,-18
2023,64,971,North Carolina St.,63,1001,Creighton,72,-9
2023,64,996,Furman,68,946,Virginia,67,1
2023,64,1003,College of Charleston,57,961,San Diego St.,63,-6
2023,64,945,West Virginia,65,979,Maryland,67,-2
2023,64,955,Texas A&M Corpus Chris,75,1011,Alabama,96,-21
2024,2,1033,Purdue,60,1067,Connecticut,75,-15
2024,4,1033,Purdue,63,1037,North Carolina St.,50,13
2024,4,1078,Alabama,72,1067,Connecticut,86,-14
2024,8,1024,Tennessee,66,1033,Purdue,72,-6
2024,8,1037,North Carolina St.,76,1063,Duke,64,12
2024,8,1072,Clemson,82,1078,Alabama,89,-7
2024,8,1054,Illinois,52,1067,Connecticut,77,-25
2024,16,1024,Tennessee,82,1066,Creighton,75,7
2024,16,1059,Gonzaga,68,1033,Purdue,80,-12
2024,16,1047,Marquette,58,1037,North Carolina St.,67,-9
2024,16,1063,Duke,54,1056,Houston,51,3
2024,16,1077,Arizona,72,1072,Clemson,77,-5
2024,16,1078,Alabama,89,1038,North Carolina,87,2
2024,16,1053,Iowa St.,69,1054,Illinois,72,-3
2024,16,1029,San Diego St.,52,1067,Connecticut,82,-30
2024,32,1024,Tennessee,62,1023,Texas,58,4
2024,32,1066,Creighton,86,1034,Oregon,73,13
2024,32,1051,Kansas,68,1059,Gonzaga,89,-21
2024,32,1019,Utah St.,67,1033,Purdue,106,-39
2024,32,1047,Marquette,81,1069,Colorado,77,4
2024,32,1035,Oakland,73,1037,North Carolina St.,79,-6
2024,32,1063,Duke,93,1052,James Madison,55,38
2024,32,1022,Texas A&M,95,1056,Houston,100,-5
2024,32,1077,Arizona,78,1065,Dayton,68,10
2024,32,1075,Baylor,64,1072,Clemson,72,-8
2024,32,1078,Alabama,72,1057,Grand Canyon,61,11
2024,32,1045,Michigan St.,69,1038,North Carolina,85,-16
2024,32,1053,Iowa St.,67,1015,Washington St.,56,11
2024,32,1054,Illinois,89,1062,Duquesne,63,26
2024,32,1012,Yale,57,1029,San Diego St.,85,-28
2024,32,1036,Northwestern,58,1067,Connecticut,75,-17
2024,64,1031,Saint Peter's,49,1024,Tennessee,83,-34
2024,64,1068,Colorado St.,44,1023,Texas,56,-12
2024,64,1079,Akron,60,1066,Creighton,77,-17
2024,64,1034,Oregon,87,1028,South Carolina,73,14
2024,64,1030,Samford,89,1051,Kansas,93,-4
2024,64,1046,McNeese St.,65,1059,Gonzaga,86,-21
2024,64,1025,TCU,72,1019,Utah St.,88,-16
2024,64,1058,Grambling St.,50,1033,Purdue,78,-28
2024,64,1014,Western Kentucky,69,1047,Marquette,87,-18
2024,64,1069,Colorado,102,1061,Florida,100,2
2024,64,1035,Oakland,80,1050,Kentucky,76,4
2024,64,1037,North Carolina St.,80,1021,Texas Tech,67,13
2024,64,1018,Vermont,47,1063,Duke,64,-17
2024,64,1052,James Madison,72,1013,Wisconsin,61,11
2024,64,1022,Texas A&M,98,1041,Nebraska,83,15
2024,64,1048,Longwood,46,1056,Houston,86,-40
2024,64,1049,Long Beach St.,65,1077,Arizona,85,-20
2024,64,1040,Nevada,60,1065,Dayton,63,-3
2024,64,1071,Colgate,67,1075,Baylor,92,-25
2024,64,1039,New Mexico,56,1072,Clemson,77,-21
2024,64,1070,College of Charleston,96,1078,Alabama,109,-13
2024,64,1057,Grand Canyon,75,1032,Saint Mary's,66,9
2024,64,1045,Michigan St.,69,1044,Mississippi St.,51,18
2024,64,1016,Wagner,62,1038,North Carolina,90,-28
2024,64,1027,South Dakota St.,65,1053,Iowa St.,82,-17
2024,64,1064,Drake,61,1015,Washington St.,66,-5
2024,64,1042,Morehead St.,69,1054,Illinois,85,-16
2024,64,1062,Duquesne,71,1073,BYU,67,4
2024,64,1012,Yale,78,1076,Auburn,76,2
2024,64,1020,UAB,65,1029,San Diego St.,69,-4
2024,64,1036,Northwestern,77,1060,Florida Atlantic,65,12
2024,64,1026,Stetson,52,1067,Connecticut,91,-39
2025,2,1126,Houston,63,1131,Florida,65,-2
2025,4,1126,Houston,70,1132,Duke,67,3
2025,4,1131,Florida,79,1141,Auburn,73,6
2025,8,1094,Tennessee,50,1126,Houston,69,-19
2025,8,1146,Alabama,65,1132,Duke,85,-20
2025,8,1091,Texas Tech,79,1131,Florida,84,-5
2025,8,1113,Michigan St.,64,1141,Auburn,70,-6
2025,16,1094,Tennessee,78,1122,Kentucky,65,13
2025,16,1101,Purdue,60,1126,Houston,62,-2
2025,16,1146,Alabama,113,1138,BYU,88,25
2025,16,1143,Arizona,93,1132,Duke,100,-7
2025,16,1142,Arkansas,83,1091,Texas Tech,85,-2
2025,16,1117,Maryland,71,1131,Florida,87,-16
2025,16,1113,Michigan St.,73,1112,Mississippi,70,3
2025,16,1114,Michigan,65,1141,Auburn,78,-13
2025,32,1094,Tennessee,67,1088,UCLA,58,9
2025,32,1122,Kentucky,84,1125,Illinois,75,9
2025,32,1101,Purdue,76,1116,McNeese St.,62,14
2025,32,1129,Gonzaga,76,1126,Houston,81,-5
2025,32,1146,Alabama,80,1098,Saint Mary's,66,14
2025,32,1083,Wisconsin,89,1138,BYU,91,-2
2025,32,1143,Arizona,87,1102,Oregon,83,4
2025,32,1140,Baylor,66,1132,Duke,89,-23
2025,32,1095,St. John's,66,1142,Arkansas,75,-9
2025,32,1091,Texas Tech,77,1133,Drake,64,13
2025,32,1117,Maryland,72,1136,Colorado St.,71,1
2025,32,1135,Connecticut,75,1131,Florida,77,-2
2025,32,1113,Michigan St.,71,1106,New Mexico,63,8
2025,32,1124,Iowa St.,78,1112,Mississippi,91,-13
2025,32,1092,Texas A&M,79,1114,Michigan,91,-12
2025,32,1134,Creighton,70,1141,Auburn,82,-12
2025,64,1082,Wofford,62,1094,Tennessee,77,-15
2025,64,1086,Utah St.,47,1088,UCLA,72,-25
2025,64,1090,Troy,57,1122,Kentucky,76,-19
2025,64,1081,Xavier,73,1125,Illinois,86,-13
2025,64,1127,High Point,63,1101,Purdue,75,-12
2025,64,1116,McNeese St.,69,1137,Clemson,67,2
2025,64,1130,Georgia,68,1129,Gonzaga,89,-21
2025,64,1096,SIU Edwardsville,40,1126,Houston,78,-38
2025,64,1100,Robert Morris,81,1146,Alabama,90,-9
2025,64,1085,Vanderbilt,56,1098,Saint Mary's,59,-3
2025,64,1109,Montana,66,1083,Wisconsin,85,-19
2025,64,1084,VCU,71,1138,BYU,80,-9
2025,64,1147,Akron,65,1143,Arizona,93,-28
2025,64,1121,Liberty,52,1102,Oregon,81,-29
2025,64,1140,Baylor,75,1111,Mississippi St.,72,3
2025,64,1108,Mount St. Mary's,49,1132,Duke,93,-44
2025,64,1107,Nebraska Omaha,53,1095,St. John's,83,-30
2025,64,1142,Arkansas,79,1123,Kansas,72,7
2025,64,1087,UNC Wilmington,72,1091,Texas Tech,82,-10
2025,64,1133,Drake,67,1110,Missouri,57,10
2025,64,1128,Grand Canyon,49,1117,Maryland,81,-32
2025,64,1136,Colorado St.,78,1115,Memphis,70,8
2025,64,1103,Oklahoma,59,1135,Connecticut,67,-8
2025,64,1105,Norfolk St.,69,1131,Florida,95,-26
2025,64,1139,Bryant,62,1113,Michigan St.,87,-25
2025,64,1106,New Mexico,75,1118,Marquette,66,9
2025,64,1120,Lipscomb,55,1124,Iowa St.,82,-27
2025,64,1104,North Carolina,64,1112,Mississippi,71,-7
2025,64,1080,Yale,71,1092,Texas A&M,80,-9
2025,64,1089,UC San Diego,65,1114,Michigan,68,-3
2025,64,1134,Creighton,89,1119,Louisville,75,14
2025,64,1145,Alabama St.,63,1141,Auburn,83,-20
